Time,CO_ppm,Relative_Uncertainty,W
0.0008044,478,0.05,0.011609087
0.000806,474,0.05,0.011609087
0.0008076,484,0.05,0.011609087
0.0008092,482,0.05,0.011609087
0.0008108,484,0.05,0.011609087
0.0008124,470,0.05,0.011609087
0.000814,482,0.05,0.011609087
0.0008156,482,0.05,0.011609087
0.0008172,474,0.05,0.011609087
0.0008188,478,0.05,0.011609087
0.0008204,476,0.05,0.011609087
0.000822,480,0.05,0.011609087
0.0008236,486,0.05,0.011609087
0.0008252,488,0.05,0.011609087
0.0008268,486,0.05,0.011609087
0.0008284,486,0.05,0.011609087
0.00083,484,0.05,0.011609087
0.0008316,488,0.05,0.011609087
0.0008332,480,0.05,0.011609087
0.0008348,478,0.05,0.011609087
0.0008364,476,0.05,0.011609087
0.000838,474,0.05,0.011609087
0.0008396,476,0.05,0.011609087
0.0008412,470,0.05,0.011609087
0.0008428,472,0.05,0.011609087
0.0008444,476,0.05,0.011609087
0.000846,488,0.05,0.011609087
0.0008476,480,0.05,0.011609087
0.0008492,474,0.05,0.011609087
0.0008508,478,0.05,0.011609087
0.0008524,484,0.05,0.011609087
0.000854,472,0.05,0.011609087
0.0008556,476,0.05,0.011609087
0.0008572,478,0.05,0.011609087
0.0008588,480,0.05,0.011609087
0.0008604,484,0.05,0.011609087
0.000862,480,0.05,0.011609087
0.0008636,472,0.05,0.011609087
0.0008652,478,0.05,0.011609087
0.0008668,480,0.05,0.011609087
0.0008684,476,0.05,0.011609087
0.00087,482,0.05,0.011609087
0.0008716,484,0.05,0.011609087
0.0008732,484,0.05,0.011609087
0.0008748,484,0.05,0.011609087
0.0008764,488,0.05,0.011609087
0.000878,484,0.05,0.011609087
0.0008796,478,0.05,0.011609087
0.0008812,482,0.05,0.011609087
0.0008828,482,0.05,0.011609087
0.0008844,478,0.05,0.011609087
0.000886,484,0.05,0.011609087
0.0008876,480,0.05,0.011609087
0.0008892,488,0.05,0.011609087
0.0008908,486,0.05,0.011609087
0.0008924,486,0.05,0.011609087
0.000894,496,0.05,0.011609087
0.0008956,486,0.05,0.011609087
0.0008972,484,0.05,0.011609087
0.0008988,488,0.05,0.011609087
0.0009004,490,0.05,0.011609087
0.000902,478,0.05,0.011609087
0.0009036,484,0.05,0.011609087
0.0009052,484,0.05,0.011609087
0.0009068,490,0.05,0.011609087
0.0009084,484,0.05,0.011609087
0.00091,484,0.05,0.011609087
0.0009116,482,0.05,0.011609087
0.0009132,484,0.05,0.011609087
0.0009148,484,0.05,0.011609087
0.0009164,488,0.05,0.011609087
0.000918,482,0.05,0.011609087
0.0009196,480,0.05,0.011609087
0.0009212,484,0.05,0.011609087
0.0009228,486,0.05,0.011609087
0.0009244,488,0.05,0.011609087
0.000926,482,0.05,0.011609087
0.0009276,482,0.05,0.011609087
0.0009292,482,0.05,0.011609087
0.0009308,482,0.05,0.011609087
0.0009324,484,0.05,0.011609087
0.000934,478,0.05,0.011609087
0.0009356,476,0.05,0.011609087
0.0009372,484,0.05,0.011609087
0.0009388,486,0.05,0.011609087
0.0009404,484,0.05,0.011609087
0.000942,490,0.05,0.011609087
0.0009436,482,0.05,0.011609087
0.0009452,486,0.05,0.011609087
0.0009468,488,0.05,0.011609087
0.0009484,482,0.05,0.011609087
0.00095,478,0.05,0.011609087
0.0009516,476,0.05,0.011609087
0.0009532,488,0.05,0.011609087
0.0009548,484,0.05,0.011609087
0.0009564,490,0.05,0.011609087
0.000958,494,0.05,0.011609087
0.0009596,482,0.05,0.011609087
0.0009612,492,0.05,0.011609087
0.0009628,480,0.05,0.011609087
0.0009644,488,0.05,0.011609087
0.000966,488,0.05,0.011609087
0.0009676,478,0.05,0.011609087
0.0009692,482,0.05,0.011609087
0.0009708,480,0.05,0.011609087
0.0009724,482,0.05,0.011609087
0.000974,482,0.05,0.011609087
0.0009756,478,0.05,0.011609087
0.0009772,484,0.05,0.011609087
0.0009788,482,0.05,0.011609087
0.0009804,482,0.05,0.011609087
0.000982,488,0.05,0.011609087
0.0009836,478,0.05,0.011609087
0.0009852,480,0.05,0.011609087
0.0009868,476,0.05,0.011609087
0.0009884,486,0.05,0.011609087
0.00099,482,0.05,0.011609087
0.0009916,476,0.05,0.011609087
0.0009932,478,0.05,0.011609087
0.0009948,476,0.05,0.011609087
0.0009964,474,0.05,0.011609087
0.000998,480,0.05,0.011609087
0.0009996,472,0.05,0.011609087
0.0010012,478,0.05,0.011609087
0.0010028,484,0.05,0.011609087
0.0010044,476,0.05,0.011609087
0.001006,480,0.05,0.011609087
0.0010076,482,0.05,0.011609087
0.0010092,476,0.05,0.011609087
0.0010108,478,0.05,0.011609087
0.0010124,474,0.05,0.011609087
0.001014,478,0.05,0.011609087
0.0010156,472,0.05,0.011609087
0.0010172,472,0.05,0.011609087
0.0010188,472,0.05,0.011609087
0.0010204,474,0.05,0.011609087
0.001022,476,0.05,0.011609087
0.0010236,484,0.05,0.011609087
0.0010252,480,0.05,0.011609087
0.0010268,472,0.05,0.011609087
0.0010284,480,0.05,0.011609087
0.00103,480,0.05,0.011609087
0.0010316,480,0.05,0.011609087
0.0010332,474,0.05,0.011609087
0.0010348,480,0.05,0.011609087
0.0010364,478,0.05,0.011609087
0.001038,480,0.05,0.011609087
0.0010396,478,0.05,0.011609087
0.0010412,474,0.05,0.011609087
0.0010428,478,0.05,0.011609087
0.0010444,468,0.05,0.011609087
0.001046,476,0.05,0.011609087
0.0010476,468,0.05,0.011609087
0.0010492,480,0.05,0.011609087
0.0010508,476,0.05,0.011609087
0.0010524,476,0.05,0.011609087
0.001054,468,0.05,0.011609087
0.0010556,480,0.05,0.011609087
0.0010572,484,0.05,0.011609087
0.0010588,476,0.05,0.011609087
0.0010604,474,0.05,0.011609087
0.001062,470,0.05,0.011609087
0.0010636,472,0.05,0.011609087
0.0010652,478,0.05,0.011609087
0.0010668,470,0.05,0.011609087
0.0010684,476,0.05,0.011609087
0.00107,484,0.05,0.011609087
0.0010716,470,0.05,0.011609087
0.0010732,476,0.05,0.011609087
0.0010748,474,0.05,0.011609087
0.0010764,472,0.05,0.011609087
0.001078,464,0.05,0.011609087
0.0010796,480,0.05,0.011609087
0.0010812,472,0.05,0.011609087
0.0010828,478,0.05,0.011609087
0.0010844,474,0.05,0.011609087
0.001086,484,0.05,0.011609087
0.0010876,474,0.05,0.011609087
0.0010892,470,0.05,0.011609087
0.0010908,478,0.05,0.011609087
0.0010924,476,0.05,0.011609087
0.001094,482,0.05,0.011609087
0.0010956,482,0.05,0.011609087
0.0010972,476,0.05,0.011609087
0.0010988,474,0.05,0.011609087
0.0011004,472,0.05,0.011609087
0.001102,482,0.05,0.011609087
0.0011036,470,0.05,0.011609087
0.0011052,470,0.05,0.011609087
0.0011068,476,0.05,0.011609087
0.0011084,476,0.05,0.011609087
0.00111,472,0.05,0.011609087
0.0011116,476,0.05,0.011609087
0.0011132,476,0.05,0.011609087
0.0011148,476,0.05,0.011609087
0.0011164,476,0.05,0.011609087
0.001118,472,0.05,0.011609087
0.0011196,474,0.05,0.011609087
0.0011212,468,0.05,0.011609087
0.0011228,474,0.05,0.011609087
0.0011244,474,0.05,0.011609087
0.001126,470,0.05,0.011609087
0.0011276,466,0.05,0.011609087
0.0011292,474,0.05,0.011609087
0.0011308,474,0.05,0.011609087
0.0011324,468,0.05,0.011609087
0.001134,474,0.05,0.011609087
0.0011356,472,0.05,0.011609087
0.0011372,470,0.05,0.011609087
0.0011388,468,0.05,0.011609087
0.0011404,474,0.05,0.011609087
0.001142,470,0.05,0.011609087
0.0011436,472,0.05,0.011609087
0.0011452,474,0.05,0.011609087
0.0011468,474,0.05,0.011609087
0.0011484,472,0.05,0.011609087
0.00115,466,0.05,0.011609087
0.0011516,468,0.05,0.011609087
0.0011532,472,0.05,0.011609087
0.0011548,470,0.05,0.011609087
0.0011564,478,0.05,0.011609087
0.001158,478,0.05,0.011609087
0.0011596,472,0.05,0.011609087
0.0011612,478,0.05,0.011609087
0.0011628,468,0.05,0.011609087
0.0011644,474,0.05,0.011609087
0.001166,472,0.05,0.011609087
0.0011676,470,0.05,0.011609087
0.0011692,472,0.05,0.011609087
0.0011708,470,0.05,0.011609087
0.0011724,468,0.05,0.011609087
0.001174,472,0.05,0.011609087
0.0011756,466,0.05,0.011609087
0.0011772,468,0.05,0.011609087
0.0011788,470,0.05,0.011609087
0.0011804,476,0.05,0.011609087
0.001182,472,0.05,0.011609087
0.0011836,480,0.05,0.011609087
0.0011852,470,0.05,0.011609087
0.0011868,470,0.05,0.011609087
0.0011884,476,0.05,0.011609087
0.00119,476,0.05,0.011609087
0.0011916,476,0.05,0.011609087
0.0011932,472,0.05,0.011609087
0.0011948,476,0.05,0.011609087
0.0011964,470,0.05,0.011609087
0.001198,470,0.05,0.011609087
0.0011996,474,0.05,0.011609087
0.0012012,482,0.05,0.011609087
0.0012028,468,0.05,0.011609087
0.0012044,476,0.05,0.011609087
0.001206,470,0.05,0.011609087
0.0012076,472,0.05,0.011609087
0.0012092,466,0.05,0.011609087
0.0012108,466,0.05,0.011609087
0.0012124,474,0.05,0.011609087
0.001214,472,0.05,0.011609087
0.0012156,470,0.05,0.011609087
0.0012172,464,0.05,0.011609087
0.0012188,470,0.05,0.011609087
0.0012204,460,0.05,0.011609087
0.001222,468,0.05,0.011609087
0.0012236,470,0.05,0.011609087
0.0012252,468,0.05,0.011609087
0.0012268,466,0.05,0.011609087
0.0012284,468,0.05,0.011609087
0.00123,466,0.05,0.011609087
0.0012316,462,0.05,0.011609087
0.0012332,464,0.05,0.011609087
0.0012348,470,0.05,0.011609087
0.0012364,472,0.05,0.011609087
0.001238,464,0.05,0.011609087
0.0012396,464,0.05,0.011609087
0.0012412,466,0.05,0.011609087
0.0012428,466,0.05,0.011609087
0.0012444,462,0.05,0.011609087
0.001246,466,0.05,0.011609087
0.0012476,464,0.05,0.011609087
0.0012492,464,0.05,0.011609087
0.0012508,470,0.05,0.011609087
0.0012524,462,0.05,0.011609087
0.001254,464,0.05,0.011609087
0.0012556,468,0.05,0.011609087
0.0012572,466,0.05,0.011609087
0.0012588,464,0.05,0.011609087
0.0012604,452,0.05,0.011609087
0.001262,458,0.05,0.011609087
0.0012636,460,0.05,0.011609087
0.0012652,454,0.05,0.011609087
0.0012668,466,0.05,0.011609087
0.0012684,464,0.05,0.011609087
0.00127,468,0.05,0.011609087
0.0012716,458,0.05,0.011609087
0.0012732,464,0.05,0.011609087
0.0012748,460,0.05,0.011609087
0.0012764,456,0.05,0.011609087
0.001278,468,0.05,0.011609087
0.0012796,460,0.05,0.011609087
0.0012812,456,0.05,0.011609087
0.0012828,452,0.05,0.011609087
0.0012844,460,0.05,0.011609087
0.001286,450,0.05,0.011609087
0.0012876,458,0.05,0.011609087
0.0012892,450,0.05,0.011609087
0.0012908,464,0.05,0.011609087
0.0012924,456,0.05,0.011609087
0.001294,458,0.05,0.011609087
0.0012956,462,0.05,0.011609087
0.0012972,452,0.05,0.011609087
0.0012988,462,0.05,0.011609087
0.0013004,454,0.05,0.011609087
0.001302,452,0.05,0.011609087
0.0013036,458,0.05,0.011609087
0.0013052,458,0.05,0.011609087
0.0013068,448,0.05,0.011609087
0.0013084,450,0.05,0.011609087
0.00131,452,0.05,0.011609087
0.0013116,447,0.05,0.011609087
0.0013132,460,0.05,0.011609087
0.0013148,452,0.05,0.011609087
0.0013164,462,0.05,0.011609087
0.001318,452,0.05,0.011609087
0.0013196,458,0.05,0.011609087
0.0013212,445,0.05,0.011609087
0.0013228,447,0.05,0.011609087
0.0013244,445,0.05,0.011609087
0.001326,447,0.05,0.011609087
0.0013276,450,0.05,0.011609087
0.0013292,454,0.05,0.011609087
0.0013308,454,0.05,0.011609087
0.0013324,448,0.05,0.011609087
0.001334,450,0.05,0.011609087
0.0013356,458,0.05,0.011609087
0.0013372,454,0.05,0.011609087
0.0013388,452,0.05,0.011609087
0.0013404,448,0.05,0.011609087
0.001342,445,0.05,0.011609087
0.0013436,448,0.05,0.011609087
0.0013452,452,0.05,0.011609087
0.0013468,448,0.05,0.011609087
0.0013484,445,0.05,0.011609087
0.00135,458,0.05,0.011609087
0.0013516,450,0.05,0.011609087
0.0013532,450,0.05,0.011609087
0.0013548,448,0.05,0.011609087
0.0013564,456,0.05,0.011609087
0.001358,458,0.05,0.011609087
0.0013596,443,0.05,0.011609087
0.0013612,443,0.05,0.011609087
0.0013628,448,0.05,0.011609087
0.0013644,441,0.05,0.011609087
0.001366,441,0.05,0.011609087
0.0013676,450,0.05,0.011609087
0.0013692,447,0.05,0.011609087
0.0013708,439,0.05,0.011609087
0.0013724,443,0.05,0.011609087
0.001374,450,0.05,0.011609087
0.0013756,445,0.05,0.011609087
0.0013772,447,0.05,0.011609087
0.0013788,445,0.05,0.011609087
0.0013804,452,0.05,0.011609087
0.001382,443,0.05,0.011609087
0.0013836,445,0.05,0.011609087
0.0013852,447,0.05,0.011609087
0.0013868,441,0.05,0.011609087
0.0013884,447,0.05,0.011609087
0.00139,445,0.05,0.011609087
0.0013916,445,0.05,0.011609087
0.0013932,431,0.05,0.011609087
0.0013948,447,0.05,0.011609087
0.0013964,443,0.05,0.011609087
0.001398,445,0.05,0.011609087
0.0013996,450,0.05,0.011609087
0.0014012,445,0.05,0.011609087
0.0014028,448,0.05,0.011609087
0.0014044,447,0.05,0.011609087
0.001406,443,0.05,0.011609087
0.0014076,445,0.05,0.011609087
0.0014092,447,0.05,0.011609087
0.0014108,445,0.05,0.011609087
0.0014124,452,0.05,0.011609087
0.001414,441,0.05,0.011609087
0.0014156,439,0.05,0.011609087
0.0014172,445,0.05,0.011609087
0.0014188,439,0.05,0.011609087
0.0014204,443,0.05,0.011609087
0.001422,448,0.05,0.011609087
0.0014236,445,0.05,0.011609087
0.0014252,443,0.05,0.011609087
0.0014268,441,0.05,0.011609087
0.0014284,445,0.05,0.011609087
0.00143,435,0.05,0.011609087
0.0014316,433,0.05,0.011609087
0.0014332,439,0.05,0.011609087
0.0014348,431,0.05,0.011609087
0.0014364,441,0.05,0.011609087
0.001438,437,0.05,0.011609087
0.0014396,445,0.05,0.011609087
0.0014412,435,0.05,0.011609087
0.0014428,439,0.05,0.011609087
0.0014444,431,0.05,0.011609087
0.001446,435,0.05,0.011609087
0.0014476,435,0.05,0.011609087
0.0014492,431,0.05,0.011609087
0.0014508,429,0.05,0.011609087
0.0014524,431,0.05,0.011609087
0.001454,435,0.05,0.011609087
0.0014556,435,0.05,0.011609087
0.0014572,431,0.05,0.011609087
0.0014588,433,0.05,0.011609087
0.0014604,441,0.05,0.011609087
0.001462,435,0.05,0.011609087
0.0014636,437,0.05,0.011609087
0.0014652,435,0.05,0.011609087
0.0014668,441,0.05,0.011609087
0.0014684,441,0.05,0.011609087
0.00147,439,0.05,0.011609087
0.0014716,431,0.05,0.011609087
0.0014732,433,0.05,0.011609087
0.0014748,433,0.05,0.011609087
0.0014764,437,0.05,0.011609087
0.001478,437,0.05,0.011609087
0.0014796,429,0.05,0.011609087
0.0014812,435,0.05,0.011609087
0.0014828,431,0.05,0.011609087
0.0014844,433,0.05,0.011609087
0.001486,427,0.05,0.011609087
0.0014876,433,0.05,0.011609087
0.0014892,439,0.05,0.011609087
0.0014908,435,0.05,0.011609087
0.0014924,441,0.05,0.011609087
0.001494,435,0.05,0.011609087
0.0014956,429,0.05,0.011609087
0.0014972,433,0.05,0.011609087
0.0014988,433,0.05,0.011609087
0.0015004,429,0.05,0.011609087
0.001502,431,0.05,0.011609087
0.0015036,439,0.05,0.011609087
0.0015052,435,0.05,0.011609087
0.0015068,437,0.05,0.011609087
0.0015084,427,0.05,0.011609087
0.00151,433,0.05,0.011609087
0.0015116,431,0.05,0.011609087
0.0015132,429,0.05,0.011609087
0.0015148,437,0.05,0.011609087
0.0015164,431,0.05,0.011609087
0.001518,429,0.05,0.011609087
0.0015196,433,0.05,0.011609087
0.0015212,433,0.05,0.011609087
0.0015228,435,0.05,0.011609087
0.0015244,437,0.05,0.011609087
0.001526,439,0.05,0.011609087
0.0015276,439,0.05,0.011609087
0.0015292,433,0.05,0.011609087
0.0015308,439,0.05,0.011609087
0.0015324,437,0.05,0.011609087
0.001534,437,0.05,0.011609087
0.0015356,427,0.05,0.011609087
0.0015372,427,0.05,0.011609087
0.0015388,433,0.05,0.011609087
0.0015404,431,0.05,0.011609087
0.001542,431,0.05,0.011609087
0.0015436,431,0.05,0.011609087
0.0015452,423,0.05,0.011609087
0.0015468,427,0.05,0.011609087
0.0015484,431,0.05,0.011609087
0.00155,435,0.05,0.011609087
0.0015516,435,0.05,0.011609087
0.0015532,431,0.05,0.011609087
0.0015548,433,0.05,0.011609087
0.0015564,433,0.05,0.011609087
0.001558,425,0.05,0.011609087
0.0015596,427,0.05,0.011609087
0.0015612,427,0.05,0.011609087
0.0015628,427,0.05,0.011609087
0.0015644,421,0.05,0.011609087
0.001566,425,0.05,0.011609087
0.0015676,421,0.05,0.011609087
0.0015692,429,0.05,0.011609087
0.0015708,429,0.05,0.011609087
0.0015724,431,0.05,0.011609087
0.001574,433,0.05,0.011609087
0.0015756,421,0.05,0.011609087
0.0015772,431,0.05,0.011609087
0.0015788,433,0.05,0.011609087
0.0015804,427,0.05,0.011609087
0.001582,429,0.05,0.011609087
0.0015836,425,0.05,0.011609087
0.0015852,429,0.05,0.011609087
0.0015868,423,0.05,0.011609087
0.0015884,425,0.05,0.011609087
0.00159,429,0.05,0.011609087
0.0015916,425,0.05,0.011609087
0.0015932,423,0.05,0.011609087
0.0015948,425,0.05,0.011609087
0.0015964,429,0.05,0.011609087
0.001598,429,0.05,0.011609087
0.0015996,435,0.05,0.011609087
0.0016012,427,0.05,0.011609087
0.0016028,427,0.05,0.011609087
0.0016044,423,0.05,0.011609087
0.001606,427,0.05,0.011609087
0.0016076,429,0.05,0.011609087
0.0016092,423,0.05,0.011609087
0.0016108,431,0.05,0.011609087
0.0016124,421,0.05,0.011609087
0.001614,423,0.05,0.011609087
0.0016156,429,0.05,0.011609087
0.0016172,435,0.05,0.011609087
0.0016188,431,0.05,0.011609087
0.0016204,427,0.05,0.011609087
0.001622,423,0.05,0.011609087
0.0016236,431,0.05,0.011609087
0.0016252,421,0.05,0.011609087
0.0016268,413,0.05,0.011609087
0.0016284,431,0.05,0.011609087
0.00163,419,0.05,0.011609087
0.0016316,421,0.05,0.011609087
0.0016332,423,0.05,0.011609087
0.0016348,417,0.05,0.011609087
0.0016364,423,0.05,0.011609087
0.001638,415,0.05,0.011609087
0.0016396,423,0.05,0.011609087
0.0016412,421,0.05,0.011609087
0.0016428,427,0.05,0.011609087
0.0016444,427,0.05,0.011609087
0.001646,421,0.05,0.011609087
0.0016476,421,0.05,0.011609087
0.0016492,411,0.05,0.011609087
0.0016508,419,0.05,0.011609087
0.0016524,417,0.05,0.011609087
0.001654,415,0.05,0.011609087
0.0016556,411,0.05,0.011609087
0.0016572,415,0.05,0.011609087
0.0016588,419,0.05,0.011609087
0.0016604,421,0.05,0.011609087
0.001662,415,0.05,0.011609087
0.0016636,421,0.05,0.011609087
0.0016652,427,0.05,0.011609087
0.0016668,419,0.05,0.011609087
0.0016684,421,0.05,0.011609087
0.00167,413,0.05,0.011609087
0.0016716,419,0.05,0.011609087
0.0016732,413,0.05,0.011609087
0.0016748,409,0.05,0.011609087
0.0016764,413,0.05,0.011609087
0.001678,411,0.05,0.011609087
0.0016796,425,0.05,0.011609087
0.0016812,427,0.05,0.011609087
0.0016828,421,0.05,0.011609087
0.0016844,417,0.05,0.011609087
0.001686,409,0.05,0.011609087
0.0016876,423,0.05,0.011609087
0.0016892,415,0.05,0.011609087
0.0016908,415,0.05,0.011609087
0.0016924,413,0.05,0.011609087
0.001694,411,0.05,0.011609087
0.0016956,421,0.05,0.011609087
0.0016972,413,0.05,0.011609087
0.0016988,417,0.05,0.011609087
0.0017004,415,0.05,0.011609087
0.001702,415,0.05,0.011609087
0.0017036,419,0.05,0.011609087
0.0017052,415,0.05,0.011609087
0.0017068,421,0.05,0.011609087
0.0017084,419,0.05,0.011609087
0.00171,417,0.05,0.011609087
0.0017116,413,0.05,0.011609087
0.0017132,423,0.05,0.011609087
0.0017148,409,0.05,0.011609087
0.0017164,401,0.05,0.011609087
0.001718,419,0.05,0.011609087
0.0017196,417,0.05,0.011609087
0.0017212,419,0.05,0.011609087
0.0017228,413,0.05,0.011609087
0.0017244,419,0.05,0.011609087
0.001726,409,0.05,0.011609087
0.0017276,421,0.05,0.011609087
0.0017292,419,0.05,0.011609087
0.0017308,417,0.05,0.011609087
0.0017324,423,0.05,0.011609087
0.001734,413,0.05,0.011609087
0.0017356,421,0.05,0.011609087
0.0017372,415,0.05,0.011609087
0.0017388,415,0.05,0.011609087
0.0017404,415,0.05,0.011609087
0.001742,423,0.05,0.011609087
0.0017436,419,0.05,0.011609087
0.0017452,427,0.05,0.011609087
0.0017468,421,0.05,0.011609087
0.0017484,413,0.05,0.011609087
0.00175,415,0.05,0.011609087
0.0017516,419,0.05,0.011609087
0.0017532,423,0.05,0.011609087
0.0017548,421,0.05,0.011609087
0.0017564,417,0.05,0.011609087
0.001758,419,0.05,0.011609087
0.0017596,415,0.05,0.011609087
0.0017612,419,0.05,0.011609087
0.0017628,421,0.05,0.011609087
0.0017644,421,0.05,0.011609087
0.001766,419,0.05,0.011609087
0.0017676,415,0.05,0.011609087
0.0017692,417,0.05,0.011609087
0.0017708,413,0.05,0.011609087
0.0017724,421,0.05,0.011609087
0.001774,423,0.05,0.011609087
0.0017756,421,0.05,0.011609087
0.0017772,413,0.05,0.011609087
0.0017788,411,0.05,0.011609087
0.0017804,411,0.05,0.011609087
0.001782,409,0.05,0.011609087
0.0017836,409,0.05,0.011609087
0.0017852,403,0.05,0.011609087
0.0017868,409,0.05,0.011609087
0.0017884,407,0.05,0.011609087
0.00179,419,0.05,0.011609087
0.0017916,421,0.05,0.011609087
0.0017932,417,0.05,0.011609087
0.0017948,413,0.05,0.011609087
0.0017964,413,0.05,0.011609087
0.001798,413,0.05,0.011609087
0.0017996,415,0.05,0.011609087
0.0018012,421,0.05,0.011609087
0.0018028,411,0.05,0.011609087
0.0018044,413,0.05,0.011609087
0.001806,403,0.05,0.011609087
0.0018076,401,0.05,0.011609087
0.0018092,411,0.05,0.011609087
0.0018108,407,0.05,0.011609087
0.0018124,411,0.05,0.011609087
0.001814,411,0.05,0.011609087
0.0018156,417,0.05,0.011609087
0.0018172,413,0.05,0.011609087
0.0018188,415,0.05,0.011609087
0.0018204,419,0.05,0.011609087
0.001822,409,0.05,0.011609087
0.0018236,407,0.05,0.011609087
0.0018252,405,0.05,0.011609087
0.0018268,405,0.05,0.011609087
0.0018284,399,0.05,0.011609087
0.00183,411,0.05,0.011609087
0.0018316,409,0.05,0.011609087
0.0018332,407,0.05,0.011609087
0.0018348,411,0.05,0.011609087
0.0018364,411,0.05,0.011609087
0.001838,413,0.05,0.011609087
0.0018396,411,0.05,0.011609087
0.0018412,413,0.05,0.011609087
0.0018428,409,0.05,0.011609087
0.0018444,411,0.05,0.011609087
0.001846,413,0.05,0.011609087
0.0018476,407,0.05,0.011609087
0.0018492,411,0.05,0.011609087
0.0018508,401,0.05,0.011609087
0.0018524,409,0.05,0.011609087
0.001854,405,0.05,0.011609087
0.0018556,403,0.05,0.011609087
0.0018572,401,0.05,0.011609087
0.0018588,403,0.05,0.011609087
0.0018604,407,0.05,0.011609087
0.001862,409,0.05,0.011609087
0.0018636,411,0.05,0.011609087
0.0018652,411,0.05,0.011609087
0.0018668,409,0.05,0.011609087
0.0018684,409,0.05,0.011609087
0.00187,405,0.05,0.011609087
0.0018716,403,0.05,0.011609087
0.0018732,405,0.05,0.011609087
0.0018748,397,0.05,0.011609087
0.0018764,399,0.05,0.011609087
0.001878,411,0.05,0.011609087
0.0018796,403,0.05,0.011609087
0.0018812,405,0.05,0.011609087
0.0018828,411,0.05,0.011609087
0.0018844,403,0.05,0.011609087
0.001886,417,0.05,0.011609087
0.0018876,411,0.05,0.011609087
0.0018892,403,0.05,0.011609087
0.0018908,409,0.05,0.011609087
0.0018924,403,0.05,0.011609087
0.001894,403,0.05,0.011609087
0.0018956,399,0.05,0.011609087
0.0018972,397,0.05,0.011609087
0.0018988,411,0.05,0.011609087
0.0019004,407,0.05,0.011609087
0.001902,403,0.05,0.011609087
0.0019036,405,0.05,0.011609087
0.0019052,413,0.05,0.011609087
0.0019068,407,0.05,0.011609087
0.0019084,411,0.05,0.011609087
0.00191,405,0.05,0.011609087
0.0019116,401,0.05,0.011609087
0.0019132,403,0.05,0.011609087
0.0019148,399,0.05,0.011609087
0.0019164,397,0.05,0.011609087
0.001918,401,0.05,0.011609087
0.0019196,393,0.05,0.011609087
0.0019212,397,0.05,0.011609087
0.0019228,397,0.05,0.011609087
0.0019244,399,0.05,0.011609087
0.001926,409,0.05,0.011609087
0.0019276,399,0.05,0.011609087
0.0019292,413,0.05,0.011609087
0.0019308,403,0.05,0.011609087
0.0019324,403,0.05,0.011609087
0.001934,405,0.05,0.011609087
0.0019356,401,0.05,0.011609087
0.0019372,395,0.05,0.011609087
0.0019388,403,0.05,0.011609087
0.0019404,401,0.05,0.011609087
0.001942,409,0.05,0.011609087
0.0019436,401,0.05,0.011609087
0.0019452,395,0.05,0.011609087
0.0019468,397,0.05,0.011609087
0.0019484,403,0.05,0.011609087
0.00195,405,0.05,0.011609087
0.0019516,401,0.05,0.011609087
0.0019532,401,0.05,0.011609087
0.0019548,401,0.05,0.011609087
0.0019564,409,0.05,0.011609087
0.001958,405,0.05,0.011609087
0.0019596,405,0.05,0.011609087
0.0019612,395,0.05,0.011609087
0.0019628,397,0.05,0.011609087
0.0019644,394,0.05,0.011609087
0.001966,395,0.05,0.011609087
0.0019676,397,0.05,0.011609087
0.0019692,403,0.05,0.011609087
0.0019708,403,0.05,0.011609087
0.0019724,409,0.05,0.011609087
0.001974,403,0.05,0.011609087
0.0019756,399,0.05,0.011609087
0.0019772,401,0.05,0.011609087
0.0019788,397,0.05,0.011609087
0.0019804,399,0.05,0.011609087
0.001982,403,0.05,0.011609087
0.0019836,393,0.05,0.011609087
0.0019852,395,0.05,0.011609087
0.0019868,401,0.05,0.011609087
0.0019884,403,0.05,0.011609087
0.00199,407,0.05,0.011609087
0.0019916,403,0.05,0.011609087
0.0019932,407,0.05,0.011609087
0.0019948,405,0.05,0.011609087
0.0019964,399,0.05,0.011609087
0.001998,407,0.05,0.011609087
0.0019996,405,0.05,0.011609087
0.0020012,405,0.05,0.011609087
0.0020028,405,0.05,0.011609087
0.0020044,397,0.05,0.011609087
0.002006,397,0.05,0.011609087
0.0020076,394,0.05,0.011609087
0.0020092,397,0.05,0.011609087
0.0020108,401,0.05,0.011609087
0.0020124,397,0.05,0.011609087
0.002014,401,0.05,0.011609087
0.0020156,401,0.05,0.011609087
0.0020172,403,0.05,0.011609087
0.0020188,397,0.05,0.011609087
0.0020204,401,0.05,0.011609087
0.002022,401,0.05,0.011609087
0.0020236,393,0.05,0.011609087
0.0020252,397,0.05,0.011609087
0.0020268,388,0.05,0.011609087
0.0020284,399,0.05,0.011609087
0.00203,394,0.05,0.011609087
0.0020316,392,0.05,0.011609087
0.0020332,399,0.05,0.011609087
0.0020348,401,0.05,0.011609087
0.0020364,403,0.05,0.011609087
0.002038,405,0.05,0.011609087
0.0020396,405,0.05,0.011609087
0.0020412,395,0.05,0.011609087
0.0020428,403,0.05,0.011609087
0.0020444,397,0.05,0.011609087
0.002046,390,0.05,0.011609087
0.0020476,395,0.05,0.011609087
0.0020492,394,0.05,0.011609087
0.0020508,395,0.05,0.011609087
0.0020524,390,0.05,0.011609087
0.002054,392,0.05,0.011609087
0.0020556,399,0.05,0.011609087
0.0020572,395,0.05,0.011609087
0.0020588,405,0.05,0.011609087
0.0020604,399,0.05,0.011609087
0.002062,403,0.05,0.011609087
0.0020636,395,0.05,0.011609087
0.0020652,399,0.05,0.011609087
0.0020668,395,0.05,0.011609087
0.0020684,395,0.05,0.011609087
0.00207,399,0.05,0.011609087
0.0020716,395,0.05,0.011609087
0.0020732,392,0.05,0.011609087
0.0020748,388,0.05,0.011609087
0.0020764,386,0.05,0.011609087
0.002078,395,0.05,0.011609087
0.0020796,392,0.05,0.011609087
0.0020812,397,0.05,0.011609087
0.0020828,395,0.05,0.011609087
0.0020844,395,0.05,0.011609087
0.002086,397,0.05,0.011609087
0.0020876,390,0.05,0.011609087
0.0020892,397,0.05,0.011609087
0.0020908,393,0.05,0.011609087
0.0020924,390,0.05,0.011609087
0.002094,386,0.05,0.011609087
0.0020956,380,0.05,0.011609087
0.0020972,386,0.05,0.011609087
0.0020988,390,0.05,0.011609087
0.0021004,392,0.05,0.011609087
0.002102,392,0.05,0.011609087
0.0021036,388,0.05,0.011609087
0.0021052,390,0.05,0.011609087
0.0021068,392,0.05,0.011609087
0.0021084,392,0.05,0.011609087
0.00211,388,0.05,0.011609087
0.0021116,382,0.05,0.011609087
0.0021132,378,0.05,0.011609087
0.0021148,386,0.05,0.011609087
0.0021164,388,0.05,0.011609087
0.002118,384,0.05,0.011609087
0.0021196,384,0.05,0.011609087
0.0021212,388,0.05,0.011609087
0.0021228,382,0.05,0.011609087
0.0021244,395,0.05,0.011609087
0.002126,397,0.05,0.011609087
0.0021276,393,0.05,0.011609087
0.0021292,395,0.05,0.011609087
0.0021308,388,0.05,0.011609087
0.0021324,388,0.05,0.011609087
0.002134,390,0.05,0.011609087
0.0021356,384,0.05,0.011609087
0.0021372,386,0.05,0.011609087
0.0021388,380,0.05,0.011609087
0.0021404,384,0.05,0.011609087
0.002142,388,0.05,0.011609087
0.0021436,392,0.05,0.011609087
0.0021452,382,0.05,0.011609087
0.0021468,397,0.05,0.011609087
0.0021484,393,0.05,0.011609087
0.00215,392,0.05,0.011609087
0.0021516,393,0.05,0.011609087
0.0021532,388,0.05,0.011609087
0.0021548,393,0.05,0.011609087
0.0021564,384,0.05,0.011609087
0.002158,386,0.05,0.011609087
0.0021596,390,0.05,0.011609087
0.0021612,384,0.05,0.011609087
0.0021628,380,0.05,0.011609087
0.0021644,390,0.05,0.011609087
0.002166,386,0.05,0.011609087
0.0021676,394,0.05,0.011609087
0.0021692,393,0.05,0.011609087
0.0021708,392,0.05,0.011609087
0.0021724,392,0.05,0.011609087
0.002174,390,0.05,0.011609087
0.0021756,392,0.05,0.011609087
0.0021772,386,0.05,0.011609087
0.0021788,388,0.05,0.011609087
0.0021804,388,0.05,0.011609087
0.002182,393,0.05,0.011609087
0.0021836,378,0.05,0.011609087
0.0021852,380,0.05,0.011609087
0.0021868,388,0.05,0.011609087
0.0021884,378,0.05,0.011609087
0.00219,386,0.05,0.011609087
0.0021916,397,0.05,0.011609087
0.0021932,392,0.05,0.011609087
0.0021948,390,0.05,0.011609087
0.0021964,390,0.05,0.011609087
0.002198,388,0.05,0.011609087
0.0021996,393,0.05,0.011609087
0.0022012,382,0.05,0.011609087
0.0022028,382,0.05,0.011609087
0.0022044,380,0.05,0.011609087
0.002206,388,0.05,0.011609087
0.0022076,395,0.05,0.011609087
0.0022092,378,0.05,0.011609087
0.0022108,388,0.05,0.011609087
0.0022124,392,0.05,0.011609087
0.002214,390,0.05,0.011609087
0.0022156,393,0.05,0.011609087
0.0022172,390,0.05,0.011609087
0.0022188,392,0.05,0.011609087
0.0022204,386,0.05,0.011609087
0.002222,382,0.05,0.011609087
0.0022236,384,0.05,0.011609087
0.0022252,399,0.05,0.011609087
0.0022268,390,0.05,0.011609087
0.0022284,384,0.05,0.011609087
0.00223,382,0.05,0.011609087
0.0022316,384,0.05,0.011609087
0.0022332,382,0.05,0.011609087
0.0022348,390,0.05,0.011609087
0.0022364,401,0.05,0.011609087
0.002238,393,0.05,0.011609087
0.0022396,390,0.05,0.011609087
0.0022412,386,0.05,0.011609087
0.0022428,390,0.05,0.011609087
0.0022444,386,0.05,0.011609087
0.002246,384,0.05,0.011609087
0.0022476,390,0.05,0.011609087
0.0022492,384,0.05,0.011609087
0.0022508,380,0.05,0.011609087
0.0022524,380,0.05,0.011609087
0.002254,388,0.05,0.011609087
0.0022556,384,0.05,0.011609087
0.0022572,392,0.05,0.011609087
0.0022588,388,0.05,0.011609087
0.0022604,380,0.05,0.011609087
0.002262,386,0.05,0.011609087
0.0022636,382,0.05,0.011609087
0.0022652,384,0.05,0.011609087
0.0022668,382,0.05,0.011609087
0.0022684,380,0.05,0.011609087
0.00227,382,0.05,0.011609087
0.0022716,380,0.05,0.011609087
0.0022732,378,0.05,0.011609087
0.0022748,382,0.05,0.011609087
0.0022764,380,0.05,0.011609087
0.002278,378,0.05,0.011609087
0.0022796,380,0.05,0.011609087
0.0022812,386,0.05,0.011609087
0.0022828,388,0.05,0.011609087
0.0022844,390,0.05,0.011609087
0.002286,384,0.05,0.011609087
0.0022876,386,0.05,0.011609087
0.0022892,384,0.05,0.011609087
0.0022908,386,0.05,0.011609087
0.0022924,382,0.05,0.011609087
0.002294,380,0.05,0.011609087
0.0022956,382,0.05,0.011609087
0.0022972,378,0.05,0.011609087
0.0022988,384,0.05,0.011609087
0.0023004,386,0.05,0.011609087
0.002302,382,0.05,0.011609087
0.0023036,382,0.05,0.011609087
0.0023052,386,0.05,0.011609087
0.0023068,380,0.05,0.011609087
0.0023084,378,0.05,0.011609087
0.00231,380,0.05,0.011609087
0.0023116,378,0.05,0.011609087
0.0023132,386,0.05,0.011609087
0.0023148,378,0.05,0.011609087
0.0023164,380,0.05,0.011609087
0.002318,374,0.05,0.011609087
0.0023196,380,0.05,0.011609087
0.0023212,386,0.05,0.011609087
0.0023228,378,0.05,0.011609087
0.0023244,384,0.05,0.011609087
0.002326,384,0.05,0.011609087
0.0023276,386,0.05,0.011609087
0.0023292,376,0.05,0.011609087
0.0023308,388,0.05,0.011609087
0.0023324,386,0.05,0.011609087
0.002334,382,0.05,0.011609087
0.0023356,374,0.05,0.011609087
0.0023372,376,0.05,0.011609087
0.0023388,376,0.05,0.011609087
0.0023404,374,0.05,0.011609087
0.002342,376,0.05,0.011609087
0.0023436,378,0.05,0.011609087
0.0023452,386,0.05,0.011609087
0.0023468,386,0.05,0.011609087
0.0023484,378,0.05,0.011609087
0.00235,388,0.05,0.011609087
0.0023516,378,0.05,0.011609087
0.0023532,380,0.05,0.011609087
0.0023548,386,0.05,0.011609087
0.0023564,380,0.05,0.011609087
0.002358,368,0.05,0.011609087
0.0023596,372,0.05,0.011609087
0.0023612,374,0.05,0.011609087
0.0023628,378,0.05,0.011609087
0.0023644,378,0.05,0.011609087
0.002366,380,0.05,0.011609087
0.0023676,386,0.05,0.011609087
0.0023692,378,0.05,0.011609087
0.0023708,382,0.05,0.011609087
0.0023724,376,0.05,0.011609087
0.002374,370,0.05,0.011609087
0.0023756,384,0.05,0.011609087
0.0023772,380,0.05,0.011609087
0.0023788,380,0.05,0.011609087
0.0023804,372,0.05,0.011609087
0.002382,382,0.05,0.011609087
0.0023836,378,0.05,0.011609087
0.0023852,374,0.05,0.011609087
0.0023868,382,0.05,0.011609087
0.0023884,384,0.05,0.011609087
0.00239,382,0.05,0.011609087
0.0023916,378,0.05,0.011609087
0.0023932,392,0.05,0.011609087
0.0023948,378,0.05,0.011609087
0.0023964,372,0.05,0.011609087
0.002398,380,0.05,0.011609087
0.0023996,374,0.05,0.011609087
0.0024012,378,0.05,0.011609087
0.0024028,378,0.05,0.011609087
0.0024044,372,0.05,0.011609087
0.002406,380,0.05,0.011609087
0.0024076,380,0.05,0.011609087
0.0024092,378,0.05,0.011609087
0.0024108,390,0.05,0.011609087
0.0024124,388,0.05,0.011609087
0.002414,380,0.05,0.011609087
0.0024156,380,0.05,0.011609087
0.0024172,384,0.05,0.011609087
0.0024188,376,0.05,0.011609087
0.0024204,374,0.05,0.011609087
0.002422,372,0.05,0.011609087
0.0024236,382,0.05,0.011609087
0.0024252,378,0.05,0.011609087
0.0024268,372,0.05,0.011609087
0.0024284,374,0.05,0.011609087
0.00243,378,0.05,0.011609087
0.0024316,378,0.05,0.011609087
0.0024332,372,0.05,0.011609087
0.0024348,388,0.05,0.011609087
0.0024364,378,0.05,0.011609087
0.002438,376,0.05,0.011609087
0.0024396,380,0.05,0.011609087
0.0024412,374,0.05,0.011609087
0.0024428,378,0.05,0.011609087
0.0024444,388,0.05,0.011609087
0.002446,372,0.05,0.011609087
0.0024476,376,0.05,0.011609087
0.0024492,374,0.05,0.011609087
0.0024508,372,0.05,0.011609087
0.0024524,368,0.05,0.011609087
0.002454,380,0.05,0.011609087
0.0024556,378,0.05,0.011609087
0.0024572,378,0.05,0.011609087
0.0024588,376,0.05,0.011609087
0.0024604,390,0.05,0.011609087
0.002462,382,0.05,0.011609087
0.0024636,378,0.05,0.011609087
0.0024652,372,0.05,0.011609087
0.0024668,376,0.05,0.011609087
0.0024684,374,0.05,0.011609087
0.00247,372,0.05,0.011609087
0.0024716,376,0.05,0.011609087
0.0024732,382,0.05,0.011609087
0.0024748,382,0.05,0.011609087
0.0024764,370,0.05,0.011609087
0.002478,386,0.05,0.011609087
0.0024796,390,0.05,0.011609087
0.0024812,390,0.05,0.011609087
0.0024828,378,0.05,0.011609087
0.0024844,376,0.05,0.011609087
0.002486,378,0.05,0.011609087
0.0024876,382,0.05,0.011609087
0.0024892,372,0.05,0.011609087
0.0024908,368,0.05,0.011609087
0.0024924,368,0.05,0.011609087
0.002494,378,0.05,0.011609087
0.0024956,372,0.05,0.011609087
0.0024972,376,0.05,0.011609087
0.0024988,368,0.05,0.011609087